Id,Name,FullName,HtmlUrl,Description,Language,CreatedAt,UpdatedAt,PushedAt,OpenIssuesCount,ForksCount,StargazersCount,WatchersCount,Size,OwnerLogin,OwnerType,License
85077558,developer-roadmap,kamranahmedse/developer-roadmap,https://github.com/kamranahmedse/developer-roadmap,"Interactive roadmaps, guides and other educational content to help developers grow in their careers.",TypeScript,2017-03-15T13:45:52Z,2024-12-07T01:07:18Z,2024-12-07T00:12:30Z,65,39464,300478,300478,248790,kamranahmedse,User,Other
45717250,tensorflow,tensorflow/tensorflow,https://github.com/tensorflow/tensorflow,An Open Source Machine Learning Framework for Everyone,C++,2015-11-07T01:19:20Z,2024-12-07T01:07:15Z,2024-12-07T01:07:03Z,5965,74351,186726,186726,1104924,tensorflow,Organization,Apache License 2.0
2325298,linux,torvalds/linux,https://github.com/torvalds/linux,Linux kernel source tree,C,2011-09-04T22:48:12Z,2024-12-07T01:00:05Z,2024-12-06T23:09:59Z,440,54331,183826,183826,5359075,torvalds,User,Other
614765452,AutoGPT,Significant-Gravitas/AutoGPT,https://github.com/Significant-Gravitas/AutoGPT,"AutoGPT is the vision of accessible AI for everyone, to use and to build on. Our mission is to provide the tools, so that you can focus on what matters.",Python,2023-03-16T09:21:07Z,2024-12-07T00:58:07Z,2024-12-06T23:38:07Z,172,44505,168941,168941,188087,Significant-Gravitas,Organization,Other
31792824,flutter,flutter/flutter,https://github.com/flutter/flutter,Flutter makes it easy and fast to build beautiful apps for mobile and beyond,Dart,2015-03-06T22:54:58Z,2024-12-07T00:58:54Z,2024-12-07T00:58:58Z,13092,27663,166877,166877,173192,flutter,Organization,"BSD 3-Clause ""New"" or ""Revised"" License"
41881900,vscode,microsoft/vscode,https://github.com/microsoft/vscode,Visual Studio Code,TypeScript,2015-09-03T20:23:38Z,2024-12-07T01:03:27Z,2024-12-07T01:00:30Z,10749,29561,165045,165045,968509,microsoft,Organization,MIT License
70107786,next.js,vercel/next.js,https://github.com/vercel/next.js,The React Framework,JavaScript,2016-10-05T23:32:51Z,2024-12-07T00:41:44Z,2024-12-07T00:41:39Z,3592,27065,127608,127608,2123663,vercel,Organization,MIT License
23096959,go,golang/go,https://github.com/golang/go,The Go programming language,Go,2014-08-19T04:33:40Z,2024-12-07T00:44:06Z,2024-12-07T00:44:01Z,9452,17711,124460,124460,385280,golang,Organization,"BSD 3-Clause ""New"" or ""Revised"" License"
29028775,react-native,facebook/react-native,https://github.com/facebook/react-native,A framework for building native applications using React,C++,2015-01-09T18:10:16Z,2024-12-07T00:39:04Z,2024-12-07T00:22:28Z,857,24378,119625,119625,899157,facebook,Organization,MIT License
9384267,electron,electron/electron,https://github.com/electron/electron,":electron: Build cross-platform desktop apps with JavaScript, HTML, and CSS",C++,2013-04-12T01:47:36Z,2024-12-06T23:48:51Z,2024-12-06T23:28:57Z,971,15525,114644,114644,159493,electron,Organization,MIT License
658928958,ollama,ollama/ollama,https://github.com/ollama/ollama,"Get up and running with Llama 3.2, Mistral, Gemma 2, and other large language models.",Go,2023-06-26T19:39:32Z,2024-12-07T01:04:33Z,2024-12-06T23:23:01Z,1270,8076,101099,101099,27227,ollama,Organization,MIT License
133442384,deno,denoland/deno,https://github.com/denoland/deno,A modern runtime for JavaScript and TypeScript.,Rust,2018-05-15T01:34:26Z,2024-12-07T00:31:17Z,2024-12-06T23:24:51Z,2071,5412,98321,98321,149384,denoland,Organization,MIT License
552661142,langchain,langchain-ai/langchain,https://github.com/langchain-ai/langchain,ü¶úüîó Build context-aware reasoning applications,Jupyter Notebook,2022-10-17T02:58:36Z,2024-12-07T01:00:24Z,2024-12-07T01:00:11Z,708,15561,95841,95841,364792,langchain-ai,Organization,MIT License
157616880,iptv,iptv-org/iptv,https://github.com/iptv-org/iptv,Collection of publicly available IPTV channels from all over the world,JavaScript,2018-11-14T22:00:57Z,2024-12-07T00:51:10Z,2024-12-07T00:11:18Z,34,2761,87053,87053,717585,iptv-org,Organization,The Unlicense
65600975,pytorch,pytorch/pytorch,https://github.com/pytorch/pytorch,Tensors and Dynamic neural networks in Python with strong GPU acceleration,Python,2016-08-13T05:26:41Z,2024-12-07T01:06:03Z,2024-12-07T01:06:20Z,15556,22828,84790,84790,1017876,pytorch,Organization,Other
214587193,supabase,supabase/supabase,https://github.com/supabase/supabase,"The open source Firebase alternative. Supabase gives you a dedicated Postgres database to build your web, mobile, and AI applications.",TypeScript,2019-10-12T05:56:49Z,2024-12-07T01:06:16Z,2024-12-06T23:38:58Z,628,7262,74703,74703,1587089,supabase,Organization,Apache License 2.0
357728969,bun,oven-sh/bun,https://github.com/oven-sh/bun,"Incredibly fast JavaScript runtime, bundler, test runner, and package manager ‚Äì all in one",Zig,2021-04-14T00:48:17Z,2024-12-07T00:10:38Z,2024-12-07T00:54:44Z,4065,2784,74569,74569,223230,oven-sh,Organization,Other
10744183,netdata,netdata/netdata,https://github.com/netdata/netdata,"Architected for speed. Automated for easy. Monitoring and troubleshooting, transformed!",C,2013-06-17T18:39:10Z,2024-12-07T01:05:54Z,2024-12-07T00:22:10Z,199,5953,72396,72396,221536,netdata,Organization,GNU General Public License v3.0
619959033,gpt4all,nomic-ai/gpt4all,https://github.com/nomic-ai/gpt4all,GPT4All: Run Local LLMs on Any Device. Open-source and available for commercial use.,C++,2023-03-27T18:49:32Z,2024-12-07T00:58:34Z,2024-12-07T00:29:55Z,650,7725,71029,71029,46014,nomic-ai,Organization,MIT License
221981891,playwright,microsoft/playwright,https://github.com/microsoft/playwright,"Playwright is a framework for Web Testing and Automation. It allows testing Chromium, Firefox and WebKit with a single API. ",TypeScript,2019-11-15T18:32:42Z,2024-12-07T01:00:44Z,2024-12-07T00:43:27Z,697,3722,67451,67451,165023,microsoft,Organization,Apache License 2.0
23357588,protobuf,protocolbuffers/protobuf,https://github.com/protocolbuffers/protobuf,Protocol Buffers - Google's data interchange format,C++,2014-08-26T15:52:15Z,2024-12-06T23:26:21Z,2024-12-07T00:34:53Z,277,15533,65944,65944,176208,protocolbuffers,Organization,Other
15111821,grafana,grafana/grafana,https://github.com/grafana/grafana,"The open and composable observability and data visualization platform. Visualize metrics, logs, and traces from multiple sources like Prometheus, Loki, Elasticsearch, InfluxDB, Postgres and many more. ",TypeScript,2013-12-11T15:59:56Z,2024-12-07T00:08:23Z,2024-12-07T00:41:06Z,4214,12203,65400,65400,1285888,grafana,Organization,GNU Affero General Public License v3.0
39464018,superset,apache/superset,https://github.com/apache/superset,Apache Superset is a Data Visualization and Data Exploration Platform,TypeScript,2015-07-21T18:55:34Z,2024-12-07T01:04:38Z,2024-12-07T01:08:55Z,1031,14005,63201,63201,673462,apache,Organization,Apache License 2.0
331107018,sway,FuelLabs/sway,https://github.com/FuelLabs/sway,üå¥ Empowering everyone to build reliable and efficient smart contracts.,Rust,2021-01-19T20:54:33Z,2024-12-07T01:02:06Z,2024-12-07T01:01:56Z,819,5370,62581,62581,86524,FuelLabs,Organization,Apache License 2.0
13233158,obs-studio,obsproject/obs-studio,https://github.com/obsproject/obs-studio,OBS Studio - Free and open source software for live streaming and screen recording,C,2013-10-01T02:40:31Z,2024-12-07T01:04:57Z,2024-12-06T23:45:21Z,794,8029,60737,60737,73713,obsproject,Organization,GNU General Public License v2.0
54544023,new-pac,Alvin9999/new-pac,https://github.com/Alvin9999/new-pac,ÁøªÂ¢ô-ÁßëÂ≠¶‰∏äÁΩë„ÄÅËá™Áî±‰∏äÁΩë„ÄÅÂÖçË¥πÁßëÂ≠¶‰∏äÁΩë„ÄÅÂÖçË¥πÁøªÂ¢ô„ÄÅÊ≤πÁÆ°youtube/ËßÜÈ¢ë‰∏ãËΩΩ„ÄÅfanqiang„ÄÅËΩØ‰ª∂„ÄÅVPN„ÄÅ‰∏ÄÈîÆÁøªÂ¢ôÊµèËßàÂô®Ôºåvps‰∏ÄÈîÆÊê≠Âª∫ÁøªÂ¢ôÊúçÂä°Âô®ËÑöÊú¨/ÊïôÁ®ãÔºåÂÖçË¥πshadowsocks/ss/ssr/v2ray/goflywayË¥¶Âè∑/ËäÇÁÇπÔºåÁøªÂ¢ôÊ¢ØÂ≠êÔºåÁîµËÑë„ÄÅÊâãÊú∫„ÄÅiOS„ÄÅÂÆâÂçì„ÄÅwindows„ÄÅMac„ÄÅLinux„ÄÅË∑ØÁî±Âô®ÁøªÂ¢ô„ÄÅÁßëÂ≠¶‰∏äÁΩë„ÄÅyoutubeËßÜÈ¢ë‰∏ãËΩΩ„ÄÅyoutubeÊ≤πÁÆ°ÈïúÂÉè/ÂÖçÁøªÂ¢ôÁΩëÁ´ô„ÄÅÁæéÂå∫apple idÂÖ±‰∫´Ë¥¶Âè∑,,2016-03-23T08:43:36Z,2024-12-07T01:04:19Z,2024-12-07T01:04:06Z,402,9505,56080,56080,2244,Alvin9999,User,NA
19872456,react-router,remix-run/react-router,https://github.com/remix-run/react-router,Declarative routing for React,TypeScript,2014-05-16T22:22:51Z,2024-12-06T23:55:28Z,2024-12-06T23:07:12Z,170,10348,53384,53384,33771,remix-run,Organization,MIT License
340547520,zed,zed-industries/zed,https://github.com/zed-industries/zed,"Code at the speed of thought ‚Äì Zed is a high-performance, multiplayer code editor from the creators of Atom and Tree-sitter.",Rust,2021-02-20T03:01:06Z,2024-12-07T01:03:54Z,2024-12-07T00:09:26Z,3139,3179,51140,51140,134291,zed-industries,Organization,Other
74627617,openpilot,commaai/openpilot,https://github.com/commaai/openpilot,"openpilot is an operating system for robotics. Currently, it upgrades the driver assistance system on 275+ supported cars.",Python,2016-11-24T01:33:30Z,2024-12-07T01:06:53Z,2024-12-07T01:06:50Z,162,9154,50096,50096,599398,commaai,Organization,MIT License
643445235,lobe-chat,lobehub/lobe-chat,https://github.com/lobehub/lobe-chat,"ü§Ø Lobe Chat - an open-source, modern-design AI chat framework. Supports Multi AI Providers( OpenAI / Claude 3 / Gemini / Ollama / Qwen /  DeepSeek), Knowledge Base (file upload / knowledge management / RAG ), Multi-Modals (Vision/TTS/Plugins/Artifacts). One-click FREE deployment of your private ChatGPT/ Claude application.",TypeScript,2023-05-21T07:19:12Z,2024-12-07T01:05:55Z,2024-12-07T00:31:10Z,446,10454,48220,48220,288143,lobehub,Organization,Other
56969116,trackerslist,ngosang/trackerslist,https://github.com/ngosang/trackerslist,Updated list of public BitTorrent trackers,,2016-04-24T11:57:57Z,2024-12-07T00:46:38Z,2024-12-06T23:06:56Z,8,6602,47636,47636,5990,ngosang,User,GNU General Public License v2.0
68720867,first-contributions,firstcontributions/first-contributions,https://github.com/firstcontributions/first-contributions,üöÄ‚ú® Help beginners to contribute to open source projects,,2016-09-20T14:35:09Z,2024-12-07T00:33:49Z,2024-12-07T00:33:39Z,52,80570,45809,45809,56777,firstcontributions,Organization,MIT License
72495579,gitea,go-gitea/gitea,https://github.com/go-gitea/gitea,"Git with a cup of tea! Painless self-hosted all-in-one software development service, including Git hosting, code review, team collaboration, package registry and CI/CD",Go,2016-11-01T02:13:26Z,2024-12-07T00:34:15Z,2024-12-07T00:34:11Z,2740,5522,45481,45481,289431,go-gitea,Organization,MIT License
8681349,huginn,huginn/huginn,https://github.com/huginn/huginn,Create agents that monitor and act on your behalf.  Your agents are standing by!,Ruby,2013-03-10T06:00:31Z,2024-12-07T00:42:26Z,2024-12-07T00:06:38Z,671,3798,43841,43841,8782,huginn,Organization,MIT License
174038031,react-hook-form,react-hook-form/react-hook-form,https://github.com/react-hook-form/react-hook-form,üìã React Hooks for form state management and validation (Web + React Native),TypeScript,2019-03-05T23:47:10Z,2024-12-06T23:57:38Z,2024-12-06T23:07:33Z,60,2091,41788,41788,28696,react-hook-form,Organization,MIT License
4710920,dubbo,apache/dubbo,https://github.com/apache/dubbo,The java implementation of Apache Dubbo. An RPC and microservice framework.,Java,2012-06-19T07:56:02Z,2024-12-06T23:06:16Z,2024-12-06T23:05:51Z,880,26440,40559,40559,59026,apache,Organization,Apache License 2.0
873328,sentry,getsentry/sentry,https://github.com/getsentry/sentry,Developer-first error tracking and performance monitoring,Python,2010-08-30T22:06:41Z,2024-12-06T23:18:55Z,2024-12-07T01:06:29Z,2964,4219,39358,39358,535952,getsentry,Organization,Other
19745004,odoo,odoo/odoo,https://github.com/odoo/odoo,Odoo. Open Source Apps To Grow Your Business.,Python,2014-05-13T15:38:58Z,2024-12-07T01:00:21Z,2024-12-07T01:00:15Z,7068,25461,39313,39313,9804255,odoo,Organization,Other
771302083,OpenHands,All-Hands-AI/OpenHands,https://github.com/All-Hands-AI/OpenHands,"üôå OpenHands: Code Less, Make More",Python,2024-03-13T03:33:31Z,2024-12-07T00:25:23Z,2024-12-07T00:54:02Z,233,4306,38057,38057,138359,All-Hands-AI,Organization,MIT License
60246359,ClickHouse,ClickHouse/ClickHouse,https://github.com/ClickHouse/ClickHouse,ClickHouse¬Æ is a real-time analytics DBMS,C++,2016-06-02T08:28:18Z,2024-12-07T00:30:45Z,2024-12-06T23:30:32Z,4092,6955,37947,37947,1633549,ClickHouse,Organization,Apache License 2.0
599320067,langflow,langflow-ai/langflow,https://github.com/langflow-ai/langflow,"Langflow is a low-code app builder for RAG and multi-agent AI applications. It‚Äôs Python-based and agnostic to any model, API, or database.",Python,2023-02-08T22:28:03Z,2024-12-07T00:51:32Z,2024-12-07T00:13:13Z,244,4348,37234,37234,484894,langflow-ai,Organization,MIT License
234798675,bevy,bevyengine/bevy,https://github.com/bevyengine/bevy,A refreshingly simple data-driven game engine built in Rust,Rust,2020-01-18T21:13:55Z,2024-12-07T00:39:39Z,2024-12-07T00:39:36Z,2395,3620,36796,36796,116187,bevyengine,Organization,Apache License 2.0
74175805,istio,istio/istio,https://github.com/istio/istio,"Connect, secure, control, and observe services.",Go,2016-11-18T23:57:21Z,2024-12-07T00:58:29Z,2024-12-07T00:26:07Z,543,7791,36201,36201,274338,istio,Organization,Apache License 2.0
204086862,streamlit,streamlit/streamlit,https://github.com/streamlit/streamlit,Streamlit ‚Äî A faster way to build and share data apps.,Python,2019-08-24T00:14:52Z,2024-12-07T00:02:01Z,2024-12-07T00:14:15Z,976,3114,36053,36053,512865,streamlit,Organization,Apache License 2.0
680120071,autogen,microsoft/autogen,https://github.com/microsoft/autogen,A programming framework for agentic AI ü§ñ (PyPi: autogen-agentchat),Jupyter Notebook,2023-08-18T11:43:45Z,2024-12-06T23:57:34Z,2024-12-06T23:42:56Z,618,5130,35486,35486,136569,microsoft,Organization,Creative Commons Attribution 4.0 International
13840241,devdocs,freeCodeCamp/devdocs,https://github.com/freeCodeCamp/devdocs,API Documentation Browser,Ruby,2013-10-24T18:16:07Z,2024-12-07T00:15:04Z,2024-12-07T00:15:00Z,209,2372,35421,35421,31631,freeCodeCamp,Organization,Mozilla Public License 2.0
266417772,Summer2025-Internships,SimplifyJobs/Summer2025-Internships,https://github.com/SimplifyJobs/Summer2025-Internships,Collection of Summer 2025 tech internships!,,2020-05-23T20:53:18Z,2024-12-07T00:33:19Z,2024-12-07T00:31:15Z,5,2794,35382,35382,104189,SimplifyJobs,Organization,NA
40276274,zig,ziglang/zig,https://github.com/ziglang/zig,"General-purpose programming language and toolchain for maintaining robust, optimal, and reusable software.",Zig,2015-08-06T00:51:28Z,2024-12-07T00:04:46Z,2024-12-07T00:04:39Z,3283,2576,35288,35288,300570,ziglang,Organization,MIT License
162405963,gradio,gradio-app/gradio,https://github.com/gradio-app/gradio,"Build and share delightful machine learning apps, all in Python. üåü Star to support our work!",Python,2018-12-19T08:24:04Z,2024-12-07T01:00:25Z,2024-12-07T01:08:26Z,455,2613,34420,34420,278582,gradio-app,Organization,Apache License 2.0
2293158,metasploit-framework,rapid7/metasploit-framework,https://github.com/rapid7/metasploit-framework,Metasploit Framework,Ruby,2011-08-30T06:13:20Z,2024-12-07T00:35:18Z,2024-12-07T01:02:12Z,450,14024,34351,34351,1062864,rapid7,Organization,Other
71932349,ray,ray-project/ray,https://github.com/ray-project/ray,Ray is an AI compute engine. Ray consists of a core distributed runtime and a set of AI Libraries for accelerating ML workloads.,Python,2016-10-25T19:38:30Z,2024-12-07T00:36:24Z,2024-12-07T00:36:19Z,4245,5832,34320,34320,442628,ray-project,Organization,Apache License 2.0
186024298,nushell,nushell/nushell,https://github.com/nushell/nushell,A new type of shell,Rust,2019-05-10T16:59:42Z,2024-12-07T00:09:17Z,2024-12-07T00:09:11Z,1485,1702,32899,32899,49771,nushell,Organization,MIT License
259463685,carbon-lang,carbon-language/carbon-lang,https://github.com/carbon-language/carbon-lang,"Carbon Language's main repository: documents, design, implementation, and related tools. (NOTE: Carbon Language is experimental; see README)",C++,2020-04-27T21:45:16Z,2024-12-06T23:26:37Z,2024-12-06T23:26:34Z,118,1479,32419,32419,38812,carbon-language,Organization,Other
621803253,Flowise,FlowiseAI/Flowise,https://github.com/FlowiseAI/Flowise,Drag & drop UI to build your customized LLM flow,TypeScript,2023-03-31T12:23:09Z,2024-12-07T00:55:46Z,2024-12-06T23:50:43Z,425,16758,32151,32151,29558,FlowiseAI,Organization,Apache License 2.0
149001365,leetcode,doocs/leetcode,https://github.com/doocs/leetcode,üî•LeetCode solutions in any programming language | Â§öÁßçÁºñÁ®ãËØ≠Ë®ÄÂÆûÁé∞ LeetCode„ÄÅ„ÄäÂâëÊåá OfferÔºàÁ¨¨ 2 ÁâàÔºâ„Äã„ÄÅ„ÄäÁ®ãÂ∫èÂëòÈù¢ËØïÈáëÂÖ∏ÔºàÁ¨¨ 6 ÁâàÔºâ„ÄãÈ¢òËß£,Java,2018-09-16T14:03:03Z,2024-12-07T01:05:22Z,2024-12-07T01:05:19Z,9,7658,32013,32013,13058085,doocs,Organization,Creative Commons Attribution Share Alike 4.0 International
31288958,vault,hashicorp/vault,https://github.com/hashicorp/vault,"A tool for secrets management, encryption as a service, and privileged access management",Go,2015-02-25T00:15:59Z,2024-12-07T00:13:35Z,2024-12-07T01:01:25Z,1269,4235,31356,31356,306718,hashicorp,Organization,Other
154739597,jax,jax-ml/jax,https://github.com/jax-ml/jax,"Composable transformations of Python+NumPy programs: differentiate, vectorize, JIT to GPU/TPU, and more",Python,2018-10-25T21:25:02Z,2024-12-06T23:51:18Z,2024-12-07T01:08:20Z,1890,2831,30688,30688,102316,jax-ml,Organization,Apache License 2.0
218115303,swr,vercel/swr,https://github.com/vercel/swr,React Hooks for Data Fetching,TypeScript,2019-10-28T18:16:01Z,2024-12-06T23:31:53Z,2024-12-07T01:08:57Z,152,1223,30667,30667,3350,vercel,Organization,MIT License
16563587,cockroach,cockroachdb/cockroach,https://github.com/cockroachdb/cockroach,"CockroachDB ‚Äî the cloud native, distributed SQL database designed for high availability, effortless scale, and control over data placement.",Go,2014-02-06T00:18:47Z,2024-12-07T00:43:45Z,2024-12-07T00:47:53Z,6457,3820,30227,30227,2919620,cockroachdb,Organization,Other
75821432,llvm-project,llvm/llvm-project,https://github.com/llvm/llvm-project,The LLVM Project is a collection of modular and reusable compiler and toolchain technologies.,LLVM,2016-12-07T09:39:33Z,2024-12-07T01:02:15Z,2024-12-07T01:02:07Z,27449,12187,29477,29477,1866883,llvm,Organization,Other
327089870,payload,payloadcms/payload,https://github.com/payloadcms/payload,"Payload is the open-source, fullstack Next.js framework, giving you instant backend superpowers. Get a full TypeScript backend and admin panel instantly. Use Payload as a headless CMS or for building powerful applications.",TypeScript,2021-01-05T18:49:45Z,2024-12-07T00:57:34Z,2024-12-06T23:59:11Z,343,1817,29377,29377,130501,payloadcms,Organization,MIT License
6934395,rocksdb,facebook/rocksdb,https://github.com/facebook/rocksdb,"A library that provides an embeddable, persistent key-value store for fast storage.",C++,2012-11-30T06:16:18Z,2024-12-06T23:43:02Z,2024-12-06T23:42:57Z,1067,6345,28759,28759,222936,facebook,Organization,GNU General Public License v2.0
59435364,outline,outline/outline,https://github.com/outline/outline,"The fastest knowledge base for growing teams. Beautiful, realtime collaborative, feature packed, and markdown compatible.",TypeScript,2016-05-22T21:31:47Z,2024-12-07T01:09:03Z,2024-12-07T00:56:04Z,112,2290,28751,28751,55502,outline,Organization,Other
699532645,uv,astral-sh/uv,https://github.com/astral-sh/uv,"An extremely fast Python package and project manager, written in Rust.",Rust,2023-10-02T20:24:11Z,2024-12-07T00:13:13Z,2024-12-07T00:11:52Z,1078,813,28707,28707,51156,astral-sh,Organization,Apache License 2.0
3390243,servo,servo/servo,https://github.com/servo/servo,"Servo, the embeddable, independent, memory-safe, modular, parallel web rendering engine",Rust,2012-02-08T19:07:25Z,2024-12-07T01:00:43Z,2024-12-07T01:00:39Z,3163,3045,28629,28629,1434958,servo,Organization,Mozilla Public License 2.0
4524181,folly,facebook/folly,https://github.com/facebook/folly,An open-source C++ library developed and used at Facebook.,C++,2012-06-01T20:49:04Z,2024-12-07T00:31:17Z,2024-12-07T00:31:12Z,333,5579,28522,28522,47881,facebook,Organization,Apache License 2.0
14125254,consul,hashicorp/consul,https://github.com/hashicorp/consul,"Consul is a distributed, highly available, and data center aware solution to connect and configure applications across dynamic, distributed infrastructure.",Go,2013-11-04T22:15:27Z,2024-12-07T00:07:57Z,2024-12-06T23:23:57Z,1281,4432,28470,28470,499263,hashicorp,Organization,Other
191820100,mediapipe,google-ai-edge/mediapipe,https://github.com/google-ai-edge/mediapipe,"Cross-platform, customizable ML solutions for live and streaming media.",C++,2019-06-13T19:16:41Z,2024-12-06T23:32:21Z,2024-12-06T23:32:17Z,492,5181,27853,27853,603415,google-ai-edge,Organization,Apache License 2.0
60243197,server,nextcloud/server,https://github.com/nextcloud/server,"‚òÅÔ∏è Nextcloud server, a safe home for all your data",PHP,2016-06-02T07:44:14Z,2024-12-07T00:21:33Z,2024-12-07T00:21:49Z,2495,4084,27588,27588,4824048,nextcloud,Organization,GNU Affero General Public License v3.0
43723161,helm,helm/helm,https://github.com/helm/helm,The Kubernetes Package Manager,Go,2015-10-06T01:07:32Z,2024-12-06T23:41:58Z,2024-12-06T23:42:01Z,734,7140,27155,27155,21966,helm,Organization,Apache License 2.0
265122478,manim,ManimCommunity/manim,https://github.com/ManimCommunity/manim,A community-maintained Python framework for creating mathematical animations. ,Python,2020-05-19T02:37:13Z,2024-12-07T00:23:38Z,2024-12-06T23:50:19Z,453,1850,27002,27002,41872,ManimCommunity,Organization,MIT License
2206953,commander.js,tj/commander.js,https://github.com/tj/commander.js,node.js command-line interfaces made easy,JavaScript,2011-08-14T21:33:58Z,2024-12-07T00:45:01Z,2024-12-06T23:11:34Z,19,2691,26862,26862,3555,tj,User,MIT License
38696925,python-telegram-bot,python-telegram-bot/python-telegram-bot,https://github.com/python-telegram-bot/python-telegram-bot,We have made you a wrapper you can't refuse,Python,2015-07-07T15:30:39Z,2024-12-07T01:07:38Z,2024-12-06T23:48:04Z,28,5357,26478,26478,15540,python-telegram-bot,Organization,GNU General Public License v3.0
108110,mongo,mongodb/mongo,https://github.com/mongodb/mongo,The MongoDB Database,C++,2009-01-15T16:15:18Z,2024-12-07T00:22:17Z,2024-12-07T00:22:09Z,77,5596,26474,26474,1098331,mongodb,Organization,Other
212619489,TrackersListCollection,XIU2/TrackersListCollection,https://github.com/XIU2/TrackersListCollection,üéà Updated daily! A list of popular BitTorrent Trackers! / ÊØèÂ§©Êõ¥Êñ∞ÔºÅÂÖ®ÁΩëÁÉ≠Èó® BT Tracker ÂàóË°®ÔºÅ,,2019-10-03T15:55:07Z,2024-12-07T00:10:53Z,2024-12-07T00:10:47Z,1,1640,26214,26214,13114,XIU2,User,GNU General Public License v3.0
808045485,ladybird,LadybirdBrowser/ladybird,https://github.com/LadybirdBrowser/ladybird,Truly independent web browser,C++,2024-05-30T09:18:10Z,2024-12-07T00:55:42Z,2024-12-07T00:37:06Z,444,1113,25986,25986,339890,LadybirdBrowser,Organization,"BSD 2-Clause ""Simplified"" License"
311315731,Xray-core,XTLS/Xray-core,https://github.com/XTLS/Xray-core,"Xray, Penetrates Everything. Also the best v2ray-core, with XTLS support. Fully compatible configuration.",Go,2020-11-09T11:23:10Z,2024-12-07T00:32:28Z,2024-12-06T23:56:18Z,26,3987,25984,25984,5007,XTLS,Organization,Mozilla Public License 2.0
1357796,emscripten,emscripten-core/emscripten,https://github.com/emscripten-core/emscripten,Emscripten: An LLVM-to-WebAssembly Compiler,C++,2011-02-12T05:23:30Z,2024-12-06T23:45:56Z,2024-12-06T23:45:52Z,2168,3326,25917,25917,244667,emscripten-core,Organization,Other
161951219,wails,wailsapp/wails,https://github.com/wailsapp/wails,Create beautiful applications using Go,Go,2018-12-15T23:14:06Z,2024-12-07T00:54:11Z,2024-12-07T00:05:11Z,269,1243,25688,25688,127610,wailsapp,Organization,MIT License
11481338,core-js,zloirock/core-js,https://github.com/zloirock/core-js,Standard Library,JavaScript,2013-07-17T16:32:27Z,2024-12-07T00:37:12Z,2024-12-07T00:37:08Z,43,1659,24629,24629,60888,zloirock,User,MIT License
26038648,spdlog,gabime/spdlog,https://github.com/gabime/spdlog,Fast C++ logging library.,C++,2014-11-01T01:28:53Z,2024-12-07T01:05:30Z,2024-12-06T23:34:19Z,60,4590,24617,24617,42717,gabime,User,Other
129717717,loki,grafana/loki,https://github.com/grafana/loki,"Like Prometheus, but for logs.",Go,2018-04-16T09:22:48Z,2024-12-07T00:21:35Z,2024-12-07T00:01:28Z,1873,3479,24121,24121,316724,grafana,Organization,GNU Affero General Public License v3.0
2500088,gitlabhq,gitlabhq/gitlabhq,https://github.com/gitlabhq/gitlabhq,GitLab CE Mirror | Please open new issues in our issue tracker on GitLab.com,Ruby,2011-10-02T16:25:27Z,2024-12-07T00:21:35Z,2024-12-07T00:21:31Z,36,5742,23825,23825,1722789,gitlabhq,Organization,Other
263556058,GitHub520,521xueweihan/GitHub520,https://github.com/521xueweihan/GitHub520,:kissing_heart: ËÆ©‰Ω†‚ÄúÁà±‚Äù‰∏ä GitHubÔºåËß£ÂÜ≥ËÆøÈóÆÊó∂ÂõæË£Ç„ÄÅÂä†ËΩΩÊÖ¢ÁöÑÈóÆÈ¢ò„ÄÇÔºàÊó†ÈúÄÂÆâË£ÖÔºâ,Python,2020-05-13T07:25:21Z,2024-12-07T01:06:18Z,2024-12-07T00:26:33Z,21,2310,23583,23583,10653,521xueweihan,User,NA
566931318,live,fanmingming/live,https://github.com/fanmingming/live,‚úØ ÂèØÁõ¥ËøûËÆøÈóÆÁöÑÁîµËßÜ/ÂπøÊí≠ÂõæÊ†áÂ∫ì‰∏éÁõ∏ÂÖ≥Â∑•ÂÖ∑È°πÁõÆ ‚úØ üîï Ê∞∏‰πÖÂÖçË¥π Áõ¥ËøûËÆøÈóÆ ÂÆåÊï¥ÂºÄÊ∫ê ‰∏çÊñ≠ÂÆåÂñÑÁöÑÂè∞Ê†á ÊîØÊåÅIPv4/IPv6ÂèåÊ†àËÆøÈóÆ üîï,JavaScript,2022-11-16T18:03:31Z,2024-12-07T00:35:38Z,2024-12-07T00:35:34Z,1,3518,23225,23225,104722,fanmingming,User,GNU General Public License v3.0
638629097,aider,Aider-AI/aider,https://github.com/Aider-AI/aider,aider is AI pair programming in your terminal,Python,2023-05-09T18:57:49Z,2024-12-06T23:54:23Z,2024-12-06T23:12:22Z,291,2128,22859,22859,115218,Aider-AI,Organization,Apache License 2.0
3757512,sails,balderdashy/sails,https://github.com/balderdashy/sails,Realtime MVC Framework for Node.js,JavaScript,2012-03-18T19:46:15Z,2024-12-06T23:47:45Z,2024-12-06T23:47:38Z,591,1953,22856,22856,13174,balderdashy,Organization,MIT License
458648791,paperless-ngx,paperless-ngx/paperless-ngx,https://github.com/paperless-ngx/paperless-ngx,"A community-supported supercharged version of paperless: scan, index and archive all your physical documents",Python,2022-02-12T21:56:52Z,2024-12-07T00:59:38Z,2024-12-07T00:32:37Z,3,1254,22632,22632,201035,paperless-ngx,Organization,GNU General Public License v3.0
11393110,cli,urfave/cli,https://github.com/urfave/cli,"A simple, fast, and fun package for building command line apps in Go",Go,2013-07-13T19:32:06Z,2024-12-07T00:03:03Z,2024-12-06T23:29:46Z,31,1709,22447,22447,11777,urfave,Organization,MIT License
235901813,posthog,PostHog/posthog,https://github.com/PostHog/posthog,"ü¶î PostHog provides open-source web & product analytics, session recording, feature flagging and A/B testing that you can self-host. Get started - free.",Python,2020-01-23T22:46:58Z,2024-12-07T00:36:18Z,2024-12-07T00:58:24Z,1655,1354,22431,22431,1345588,PostHog,Organization,Other
285092252,sst,sst/sst,https://github.com/sst/sst,Build full-stack apps on your own infrastructure.,TypeScript,2020-08-04T20:28:14Z,2024-12-06T23:50:51Z,2024-12-06T23:50:47Z,460,1689,22232,22232,142461,sst,Organization,MIT License
25880891,flow,facebook/flow,https://github.com/facebook/flow,Adds static typing to JavaScript to improve developer productivity and code quality.,OCaml,2014-10-28T17:17:45Z,2024-12-07T00:45:39Z,2024-12-07T00:49:18Z,1004,1860,22099,22099,140435,facebook,Organization,MIT License
72477752,pulumi,pulumi/pulumi,https://github.com/pulumi/pulumi,Pulumi - Infrastructure as Code in any programming language üöÄ,Go,2016-10-31T21:02:47Z,2024-12-07T00:59:31Z,2024-12-07T00:59:29Z,2170,1130,21971,21971,154926,pulumi,Organization,Apache License 2.0
75785240,authelia,authelia/authelia,https://github.com/authelia/authelia,The Single Sign-On Multi-Factor portal for web apps,Go,2016-12-07T00:56:57Z,2024-12-07T00:31:03Z,2024-12-07T00:30:59Z,112,1136,21922,21922,51516,authelia,Organization,Apache License 2.0
329782568,dioxus,DioxusLabs/dioxus,https://github.com/DioxusLabs/dioxus,"Fullstack app framework for web, desktop, mobile, and more.",Rust,2021-01-15T01:57:26Z,2024-12-07T00:27:09Z,2024-12-07T00:27:07Z,229,833,21736,21736,40823,DioxusLabs,Organization,Apache License 2.0
13753636,generator-jhipster,jhipster/generator-jhipster,https://github.com/jhipster/generator-jhipster,"JHipster is a development platform to quickly generate, develop, & deploy modern web applications & microservice architectures.",TypeScript,2013-10-21T20:07:22Z,2024-12-07T00:55:32Z,2024-12-07T00:56:51Z,122,4027,21609,21609,169566,jhipster,Organization,Apache License 2.0
5736080,FreeCAD,FreeCAD/FreeCAD,https://github.com/FreeCAD/FreeCAD,"This is the official source code of FreeCAD, a free and opensource multiplatform 3D parametric modeler.",C++,2012-09-09T08:25:02Z,2024-12-07T00:51:21Z,2024-12-07T00:51:11Z,2496,4157,21444,21444,2126139,FreeCAD,Organization,Other
3623050,homebrew-cask,Homebrew/homebrew-cask,https://github.com/Homebrew/homebrew-cask,üçª A CLI workflow for the administration of macOS applications distributed as binaries,Ruby,2012-03-05T02:05:17Z,2024-12-07T01:02:34Z,2024-12-07T01:06:29Z,41,10754,20977,20977,419892,Homebrew,Organization,"BSD 2-Clause ""Simplified"" License"
268163609,qdrant,qdrant/qdrant,https://github.com/qdrant/qdrant,"Qdrant - High-performance, massive-scale Vector Database and Vector Search Engine for the next generation of AI. Also available in the cloud https://cloud.qdrant.io/",Rust,2020-05-30T21:37:01Z,2024-12-07T00:02:53Z,2024-12-06T23:37:54Z,353,1428,20870,20870,28065,qdrant,Organization,Apache License 2.0
53133861,config,nikitavoloboev/config,https://github.com/nikitavoloboev/config,"Apps/CLIs/configs I use on macOS/iOS. Fish, Karabiner, Cursor..",Shell,2016-03-04T12:26:34Z,2024-12-07T00:36:35Z,2024-12-07T00:36:31Z,1,839,20626,20626,16004,nikitavoloboev,User,MIT License
